{
    "1": {
        "alpha": -0.000244579659825474,
        "B": 3900.3254739482686,
        "dalpha": 0.004905347553615027,
        "dB": 26.02008550225694,
        "cov": 0.01501243724465636
    },
    "2": {
        "alpha": -0.010549244704351509,
        "B": 3936.186528332445,
        "dalpha": 0.004729619648191381,
        "dB": 24.079292455696766,
        "cov": 0.0550471293900313
    },
    "3": {
        "alpha": 0.005210852190323374,
        "B": 3899.5487901868987,
        "dalpha": 0.00523599515409362,
        "dB": 27.6144933171887,
        "cov": 0.044842609596248355
    },
    "4": {
        "alpha": 0.007639948954633767,
        "B": 3904.125376911127,
        "dalpha": 0.0048296744858826336,
        "dB": 25.201377771127344,
        "cov": 0.04915423738920771
    },
    "5": {
        "alpha": 0.024934171400984827,
        "B": 3875.16634650666,
        "dalpha": 0.00570530462718049,
        "dB": 30.034872381128483,
        "cov": 0.01928967398878526
    },
    "6": {
        "alpha": 0.02035592049359446,
        "B": 3901.1658437240903,
        "dalpha": 0.003999812234574808,
        "dB": 21.386236634293088,
        "cov": 0.014402795699429666
    },
    "7": {
        "alpha": 0.007068970902523684,
        "B": 3929.769361774348,
        "dalpha": 0.0018953729961795635,
        "dB": 10.021041020441107,
        "cov": 0.00758605177524779
    },
    "8": {
        "alpha": 0.022362489375032032,
        "B": 3929.147178344137,
        "dalpha": 0.0018525499967880184,
        "dB": 9.571442407717543,
        "cov": 0.008539723440387784
    },
    "9": {
        "alpha": 0.0074137029706429994,
        "B": 3957.030303916895,
        "dalpha": 0.00127559880555919,
        "dB": 5.749389934982438,
        "cov": 0.00685077277275838
    }
}