{
    "1": {
        "alpha": -0.004054167474367166,
        "B": 3939.014172931914,
        "dalpha": 0.0033576487419561163,
        "dB": 15.426890015178692,
        "cov": 0.029943275137262835
    },
    "2": {
        "alpha": -0.003960438886460762,
        "B": 3931.261111187077,
        "dalpha": 0.0033840106650614354,
        "dB": 16.399749226216006,
        "cov": 0.026895069386135936
    },
    "3": {
        "alpha": 0.0013545855980527121,
        "B": 3929.9225654048278,
        "dalpha": 0.0026582621500811144,
        "dB": 12.060640779138302,
        "cov": 0.018077523026167674
    },
    "4": {
        "alpha": 0.0033255465366881457,
        "B": 3929.9598328959655,
        "dalpha": 0.002562215568416975,
        "dB": 11.631472160913669,
        "cov": 0.018009507807136952
    },
    "5": {
        "alpha": 0.010773249787804712,
        "B": 3931.9847311814365,
        "dalpha": 0.001892713417845821,
        "dB": 8.872838898133839,
        "cov": 0.009604509395659098
    },
    "6": {
        "alpha": 0.007189286103765292,
        "B": 3938.8497604576655,
        "dalpha": 0.0020083437711339363,
        "dB": 9.06300432953823,
        "cov": 0.010839782437561198
    },
    "7": {
        "alpha": 0.009030326059149918,
        "B": 3944.317402164719,
        "dalpha": 0.0018649308168349674,
        "dB": 8.349509161793902,
        "cov": 0.009671728478704483
    },
    "8": {
        "alpha": 0.009344604806956184,
        "B": 3932.732820319804,
        "dalpha": 0.0024081333385743164,
        "dB": 10.81065724577753,
        "cov": 0.020363124442634165
    },
    "9": {
        "alpha": -0.003915334454329006,
        "B": 3926.2683939200524,
        "dalpha": 0.003853978698435977,
        "dB": 17.443196814607948,
        "cov": 0.040563083072742284
    },
    "10": {
        "alpha": -0.004357013622625126,
        "B": 3925.6561785155595,
        "dalpha": 0.0035084016704253216,
        "dB": 16.287742857650716,
        "cov": 0.031029646397178413
    },
    "11": {
        "alpha": 0.006591579484828434,
        "B": 3944.880502796455,
        "dalpha": 0.002406263507343719,
        "dB": 11.146259437067945,
        "cov": 0.019310948367149007
    },
    "12": {
        "alpha": 0.0167754003138781,
        "B": 3953.8704711471933,
        "dalpha": 0.00222197986483421,
        "dB": 9.678714067455408,
        "cov": 0.015162831644096353
    },
    "13": {
        "alpha": 0.01864718561647609,
        "B": 3949.8144479201856,
        "dalpha": 0.0017010762784668697,
        "dB": 7.679375099821153,
        "cov": 0.009080961206858732
    },
    "14": {
        "alpha": 0.012484910454340836,
        "B": 3950.489957884819,
        "dalpha": 0.0016271982169285529,
        "dB": 7.274296556942914,
        "cov": 0.00876241707339172
    }
}